ref_period_width,trade_period_width,number_of_parameters,mean,simulation_period_to,position_id_1,position_id_2
150,12,1,0.0012146748263737522,2005,0,0
150,25,1,0.0012146748263737522,2005,0,0
150,50,1,0.0012146748263737522,2005,0,0
100,5,1,0.0011619888379393423,2005,0,0
100,12,1,0.0012017106027199865,2005,0,1
100,50,5,0.0010888704716858124,2005,0,1
100,25,3,0.0010814767670363815,2005,0,1
100,25,5,0.0010719452519553333,2005,0,1
150,5,1,0.0012190563286642547,2005,0,2
150,25,1,0.0012146748263737522,2005,0,2
150,50,1,0.0012146748263737522,2005,0,2
100,50,1,0.001102434952391686,2005,0,2
25,12,1,0.001073391125631327,2005,0,3
12,5,10,0.0009927552711201679,2005,0,3
100,12,5,0.0009443268786557229,2005,0,3
12,12,1,0.0009365819859833572,2005,0,3
100,12,1,0.0011619888379393423,2005,0,4
100,25,1,0.0011619888379393423,2005,0,4
150,12,1,0.0011440866632084904,2005,0,4
100,25,3,0.0011122383810743923,2005,0,4
25,12,10,0.0010060540105880688,2005,0,5
25,12,1,0.0009385135910682653,2005,0,5
25,50,5,0.000892274453862329,2005,0,5
25,12,5,0.0008560398082519526,2005,0,5
25,12,1,0.0013078450958569083,2005,0,6
25,12,10,0.001082425863389505,2005,0,6
25,12,3,0.001019180679725438,2005,0,6
25,12,5,0.0010140461249847539,2005,0,6
100,25,1,0.0013565777599375294,2005,0,7
100,50,1,0.0013565777599375294,2005,0,7
150,5,1,0.0013337548950740899,2005,0,7
150,25,1,0.0013242118562591632,2005,0,7
25,50,3,0.0011223707774227812,2005,0,8
100,5,3,0.00105900625410018,2005,0,8
12,12,10,0.0010102907527064847,2005,0,8
25,50,5,0.000980615860105444,2005,0,8
150,25,1,0.0012146748263737522,2005,0,9
150,50,1,0.0012146748263737522,2005,0,9
100,25,1,0.0011619888379393423,2005,0,9
100,50,1,0.001102434952391686,2005,0,9
100,50,5,0.0010926456608440088,2005,0,10
50,50,1,0.0010806452942990442,2005,0,10
100,25,5,0.0010752157652013285,2005,0,10
25,25,5,0.0010685535058010617,2005,0,10
150,5,1,0.0015419549410428419,2005,0,11
100,25,1,0.0011619888379393423,2005,0,11
150,12,1,0.0011191822567724928,2005,0,11
100,50,1,0.001102434952391686,2005,0,11
12,12,1,0.0009756760473342775,2005,0,12
100,12,5,0.0009009726704790979,2005,0,12
25,12,10,0.0008798156332537013,2005,0,12
25,5,10,0.0008750198890042678,2005,0,12
150,12,1,0.0012125568204476582,2005,0,13
25,12,1,0.0009810465916535295,2005,0,13
150,5,1,0.0009459015211409456,2005,0,13
100,5,3,0.0009043011883405667,2005,0,13
25,12,1,0.0013078450958569083,2005,0,14
25,12,10,0.001082425863389505,2005,0,14
25,12,3,0.001019180679725438,2005,0,14
25,12,5,0.0010140461249847539,2005,0,14
25,12,10,0.0010060540105880688,2005,0,15
25,12,1,0.0009385135910682653,2005,0,15
25,50,5,0.000892274453862329,2005,0,15
25,12,5,0.0008560398082519526,2005,0,15
100,12,1,0.0011619888379393423,2005,0,16
100,25,1,0.0011619888379393423,2005,0,16
150,12,1,0.0011440866632084904,2005,0,16
100,25,3,0.0011122383810743923,2005,0,16
25,12,1,0.001073391125631327,2005,0,17
12,5,10,0.0009927552711201679,2005,0,17
100,12,5,0.0009443268786557229,2005,0,17
12,12,1,0.0009365819859833572,2005,0,17
150,5,1,0.0012190563286642547,2005,0,18
150,25,1,0.0012146748263737522,2005,0,18
150,50,1,0.0012146748263737522,2005,0,18
100,50,1,0.001102434952391686,2005,0,18
100,12,1,0.0012017106027199865,2005,0,19
100,50,5,0.0010888704716858124,2005,0,19
100,25,3,0.0010814767670363815,2005,0,19
100,25,5,0.0010719452519553333,2005,0,19
100,5,1,0.0011619888379393423,2005,0,20
100,12,1,0.0011619888379393423,2005,0,20
100,25,1,0.0011619888379393423,2005,0,20
100,50,1,0.001102434952391686,2005,0,20
150,25,1,0.0012146748263737522,2005,0,21
150,50,1,0.0012146748263737522,2005,0,21
100,25,1,0.0011619888379393423,2005,0,21
100,50,1,0.001102434952391686,2005,0,21
25,50,3,0.0011223707774227812,2005,0,22
100,5,3,0.00105900625410018,2005,0,22
12,12,10,0.0010102907527064847,2005,0,22
25,50,5,0.000980615860105444,2005,0,22
25,12,1,0.001740194413511776,2005,0,23
25,12,3,0.0014095936517882625,2005,0,23
25,12,5,0.0012818592173341938,2005,0,23
25,12,10,0.001135713438815076,2005,0,23
12,12,1,0.0009756760473342775,2005,0,24
100,12,5,0.0009009726704790979,2005,0,24
25,12,10,0.0008798156332537013,2005,0,24
25,5,10,0.0008750198890042678,2005,0,24
150,5,1,0.0015419549410428419,2005,0,25
100,25,1,0.0011619888379393423,2005,0,25
150,12,1,0.0011191822567724928,2005,0,25
100,50,1,0.001102434952391686,2005,0,25
100,25,1,0.001528422908571551,2005,1,7
12,50,1,0.0014472899698755122,2005,1,7
150,25,1,0.0013543085428808245,2005,1,7
150,50,1,0.0013543085428808245,2005,1,7
100,5,3,0.001084746979904603,2005,1,10
100,12,3,0.0010710211201137244,2005,1,10
100,25,3,0.0010006833251380847,2005,1,10
100,50,3,0.0010006833251380847,2005,1,10
25,12,1,0.0008225237079742628,2005,1,13
25,12,1,0.0010763929558411172,2005,1,23
12,5,1,0.0010039148423083295,2005,2,3
25,25,1,0.0009657020326669899,2005,2,3
100,25,1,0.0013565777599375294,2005,2,7
100,50,1,0.0013565777599375294,2005,2,7
150,5,1,0.0013337548950740899,2005,2,7
150,25,1,0.0013242118562591632,2005,2,7
50,12,1,0.0012431415560815568,2005,2,10
50,25,1,0.0010720520159888242,2005,2,10
150,5,1,0.0009501033650772537,2005,2,10
150,50,1,0.00092813533718464,2005,2,10
12,12,1,0.001143412690030021,2005,2,12
25,50,1,0.0008657454931026491,2005,2,12
12,5,1,0.0010039148423083295,2005,2,17
25,25,1,0.0009657020326669899,2005,2,17
25,12,1,0.0008675185612465028,2005,2,23
12,12,1,0.001143412690030021,2005,2,24
25,50,1,0.0008657454931026491,2005,2,24
25,50,1,0.001013143082235024,2005,3,3
12,12,1,0.0009453427894806514,2005,3,3
25,25,1,0.0008118309130564738,2005,3,3
12,12,5,0.0008712516659901278,2005,3,4
12,12,3,0.000869417967061279,2005,3,4
25,25,1,0.0011681593376599198,2005,3,5
25,12,1,0.0008136213213805315,2005,3,5
12,12,1,0.0008091802746743012,2005,3,5
25,5,1,0.0008506774237002385,2005,3,6
25,25,1,0.0008429929949816137,2005,3,6
25,50,1,0.0008276447984067561,2005,3,6
25,50,1,0.0013720749040162872,2005,3,7
25,50,3,0.0012888289352386494,2005,3,7
50,5,5,0.0011884193634339212,2005,3,7
25,50,5,0.0011216447302950716,2005,3,7
25,25,1,0.0010896711289651877,2005,3,8
100,5,1,0.0009386028810154953,2005,3,10
50,50,10,0.0008786118791010371,2005,3,10
12,5,10,0.0008720064037840666,2005,3,10
12,12,10,0.0008486075129136335,2005,3,10
12,5,1,0.0011364029283394443,2005,3,11
12,12,1,0.0012629093422369378,2005,3,12
12,12,3,0.0010653643305392163,2005,3,12
25,5,1,0.0012541631167560419,2005,3,13
25,5,3,0.0010105833393230428,2005,3,13
25,25,1,0.0009367878729380636,2005,3,13
25,5,5,0.0009017900623566884,2005,3,13
25,5,1,0.0008506774237002385,2005,3,14
25,25,1,0.0008429929949816137,2005,3,14
25,50,1,0.0008276447984067561,2005,3,14
25,25,1,0.0011681593376599198,2005,3,15
25,12,1,0.0008136213213805315,2005,3,15
12,12,1,0.0008091802746743012,2005,3,15
12,12,5,0.0008712516659901278,2005,3,16
12,12,3,0.000869417967061279,2005,3,16
25,50,1,0.001013143082235024,2005,3,17
12,12,1,0.0009453427894806514,2005,3,17
25,25,1,0.0008118309130564738,2005,3,17
12,5,1,0.0010039148423083295,2005,3,18
25,25,1,0.0009657020326669899,2005,3,18
25,5,1,0.0011556113858809337,2005,3,20
25,25,1,0.0010896711289651877,2005,3,22
12,25,1,0.001031648121613942,2005,3,23
25,5,1,0.0010264956171804661,2005,3,23
25,25,3,0.0009490090889099669,2005,3,23
25,25,1,0.000928675749516246,2005,3,23
12,12,1,0.0012629093422369378,2005,3,24
12,12,3,0.0010653643305392163,2005,3,24
12,5,1,0.0011364029283394443,2005,3,25
12,50,1,0.0014646965464504347,2005,4,7
100,12,1,0.0013565777599375294,2005,4,7
100,25,1,0.0013565777599375294,2005,4,7
100,50,1,0.0013565777599375294,2005,4,7
100,5,1,0.0009976370029093063,2005,4,10
100,50,3,0.000991246576588042,2005,4,10
100,25,1,0.0009890701530578094,2005,4,10
100,50,1,0.0009890701530578094,2005,4,10
12,12,1,0.0012643064588532173,2005,4,12
12,12,3,0.0009049853712569592,2005,4,12
12,12,5,0.000871251665990128,2005,4,17
12,12,3,0.000869417967061279,2005,4,17
12,12,1,0.0012643064588532173,2005,4,24
12,12,3,0.0009049853712569592,2005,4,24
12,12,3,0.00139679029992734,2005,5,7
12,12,1,0.0011655857660454064,2005,5,7
100,5,3,0.001118856346750242,2005,5,7
12,50,1,0.0011116051821796662,2005,5,7
25,12,1,0.001178072816695488,2005,5,10
25,12,5,0.0010203309360155165,2005,5,10
25,12,3,0.0010072549575443667,2005,5,10
25,50,1,0.0008510341421354193,2005,5,10
12,25,1,0.0008999218963342494,2005,5,12
12,50,1,0.0008431529267247844,2005,5,12
25,12,1,0.0008418611668885196,2005,5,12
25,25,1,0.0011681593376599198,2005,5,17
25,12,1,0.0008136213213805315,2005,5,17
12,12,1,0.0008091802746743012,2005,5,17
12,25,1,0.0008999218963342494,2005,5,24
12,50,1,0.0008431529267247844,2005,5,24
25,12,1,0.0008418611668885196,2005,5,24
150,25,1,0.0014114958607963327,2005,6,7
150,12,1,0.0013568611882944805,2005,6,7
100,50,1,0.0013565777599375294,2005,6,7
12,25,3,0.0012774664644765196,2005,6,7
150,50,1,0.00092813533718464,2005,6,10
25,5,5,0.0009246581459048497,2005,6,10
25,12,10,0.0008671716738562392,2005,6,10
25,50,1,0.0009578810370023461,2005,6,12
25,5,1,0.0008506774237002385,2005,6,17
25,25,1,0.0008429929949816137,2005,6,17
25,50,1,0.0008276447984067561,2005,6,17
25,50,1,0.0009578810370023461,2005,6,24
25,50,1,0.0014752595039786225,2005,7,7
50,25,1,0.0014710372728280092,2005,7,7
50,50,1,0.0014710372728280092,2005,7,7
12,50,1,0.0014280999221253168,2005,7,7
150,5,1,0.0014355650906293118,2005,7,8
12,50,1,0.0013206739065947976,2005,7,8
100,25,1,0.001243909702647914,2005,7,8
100,50,1,0.001243909702647914,2005,7,8
100,25,1,0.0013565777599375294,2005,7,9
100,50,1,0.0013565777599375294,2005,7,9
150,5,1,0.0013337548950740899,2005,7,9
150,25,1,0.0013242118562591632,2005,7,9
100,12,1,0.0014335659307261504,2005,7,10
100,5,1,0.0013010905907568284,2005,7,10
100,25,1,0.0012578972630533096,2005,7,10
100,50,1,0.0012578972630533096,2005,7,10
100,25,1,0.0013565777599375294,2005,7,11
100,50,1,0.0013565777599375294,2005,7,11
150,5,1,0.0013337548950740899,2005,7,11
150,25,1,0.0013242118562591632,2005,7,11
12,12,1,0.0015045518741147693,2005,7,12
12,12,3,0.0013954263574587455,2005,7,12
50,5,3,0.0011851386283731331,2005,7,12
50,25,3,0.0011299245946010093,2005,7,12
150,5,1,0.0014653267289958978,2005,7,13
12,50,1,0.0014280999221253168,2005,7,13
100,25,1,0.0013565777599375294,2005,7,13
100,50,1,0.0013565777599375294,2005,7,13
150,25,1,0.0014114958607963327,2005,7,14
150,12,1,0.0013568611882944805,2005,7,14
100,50,1,0.0013565777599375294,2005,7,14
12,25,3,0.0012774664644765196,2005,7,14
12,12,3,0.00139679029992734,2005,7,15
12,12,1,0.0011655857660454064,2005,7,15
100,5,3,0.001118856346750242,2005,7,15
12,50,1,0.0011116051821796662,2005,7,15
12,50,1,0.0014646965464504347,2005,7,16
100,12,1,0.0013565777599375294,2005,7,16
100,25,1,0.0013565777599375294,2005,7,16
100,50,1,0.0013565777599375294,2005,7,16
25,50,1,0.0013720749040162872,2005,7,17
25,50,3,0.0012888289352386494,2005,7,17
50,5,5,0.0011884193634339212,2005,7,17
25,50,5,0.0011216447302950716,2005,7,17
100,25,1,0.0013565777599375294,2005,7,18
100,50,1,0.0013565777599375294,2005,7,18
150,5,1,0.0013337548950740899,2005,7,18
150,25,1,0.0013242118562591632,2005,7,18
100,25,1,0.001528422908571551,2005,7,19
12,50,1,0.0014472899698755122,2005,7,19
150,25,1,0.0013543085428808245,2005,7,19
150,50,1,0.0013543085428808245,2005,7,19
25,5,1,0.0015646491756639226,2005,7,20
100,12,1,0.0013565777599375294,2005,7,20
100,25,1,0.0013565777599375294,2005,7,20
100,50,1,0.0013565777599375294,2005,7,20
100,25,1,0.0013565777599375294,2005,7,21
100,50,1,0.0013565777599375294,2005,7,21
150,5,1,0.0013337548950740899,2005,7,21
150,25,1,0.0013242118562591632,2005,7,21
150,5,1,0.0014355650906293118,2005,7,22
12,50,1,0.0013206739065947976,2005,7,22
100,25,1,0.001243909702647914,2005,7,22
100,50,1,0.001243909702647914,2005,7,22
150,5,1,0.0018024483183530621,2005,7,23
12,25,1,0.001565891647351437,2005,7,23
25,5,1,0.0014491654612418642,2005,7,23
25,12,3,0.0014208113627001211,2005,7,23
12,12,1,0.0015045518741147693,2005,7,24
12,12,3,0.0013954263574587455,2005,7,24
50,5,3,0.0011851386283731331,2005,7,24
50,25,3,0.0011299245946010093,2005,7,24
100,25,1,0.0013565777599375294,2005,7,25
100,50,1,0.0013565777599375294,2005,7,25
150,5,1,0.0013337548950740899,2005,7,25
150,25,1,0.0013242118562591632,2005,7,25
25,50,3,0.0009689040912729945,2005,8,10
25,50,1,0.0009164810308840163,2005,8,10
25,12,10,0.0009146345773778304,2005,8,10
12,25,1,0.0010378288272685557,2005,8,12
25,25,1,0.0010896711289651877,2005,8,17
12,25,1,0.0010378288272685557,2005,8,24
25,5,1,0.0011491887352387993,2005,9,10
100,50,1,0.0009890701530578094,2005,9,10
150,5,1,0.0009501033650772537,2005,9,10
150,50,1,0.00092813533718464,2005,9,10
50,5,1,0.0010579558273240768,2005,10,10
100,12,3,0.0010054698848330232,2005,10,10
50,25,1,0.001003431818147046,2005,10,10
50,50,1,0.0010000847685137013,2005,10,10
100,50,3,0.000991246576588042,2005,10,11
100,50,1,0.0009890701530578094,2005,10,11
50,12,1,0.0009593812109462993,2005,10,11
150,5,1,0.0009501033650772537,2005,10,11
12,12,1,0.0009597173137574478,2005,10,12
100,12,5,0.0008694472640949299,2005,10,12
100,5,5,0.0008558480706973307,2005,10,12
12,12,10,0.0008237373508425218,2005,10,12
150,25,1,0.0014788866649611966,2005,10,13
25,12,3,0.0012058067640414415,2005,10,13
25,12,5,0.0011551454582317301,2005,10,13
25,12,10,0.0010804384888276435,2005,10,13
150,50,1,0.00092813533718464,2005,10,14
25,5,5,0.0009246581459048497,2005,10,14
25,12,10,0.000867171673856239,2005,10,14
25,12,1,0.001178072816695488,2005,10,15
25,12,5,0.0010203309360155167,2005,10,15
25,12,3,0.0010072549575443667,2005,10,15
25,50,1,0.0008510341421354193,2005,10,15
100,5,1,0.0009976370029093063,2005,10,16
100,50,3,0.000991246576588042,2005,10,16
100,25,1,0.0009890701530578094,2005,10,16
100,50,1,0.0009890701530578094,2005,10,16
100,5,1,0.0009386028810154953,2005,10,17
50,50,10,0.0008786118791010373,2005,10,17
12,5,10,0.0008720064037840667,2005,10,17
12,12,10,0.000848607512913634,2005,10,17
50,12,1,0.0012431415560815568,2005,10,18
50,25,1,0.0010720520159888242,2005,10,18
150,5,1,0.0009501033650772537,2005,10,18
150,50,1,0.00092813533718464,2005,10,18
100,5,3,0.001084746979904603,2005,10,19
100,12,3,0.0010710211201137244,2005,10,19
100,25,3,0.001000683325138085,2005,10,19
100,50,3,0.001000683325138085,2005,10,19
100,50,3,0.000991246576588042,2005,10,20
100,25,1,0.0009890701530578094,2005,10,20
100,50,1,0.0009890701530578094,2005,10,20
100,25,3,0.0009783756148379684,2005,10,20
25,5,1,0.0011491887352387993,2005,10,21
100,50,1,0.0009890701530578094,2005,10,21
150,5,1,0.0009501033650772537,2005,10,21
150,50,1,0.00092813533718464,2005,10,21
25,50,3,0.0009689040912729945,2005,10,22
25,50,1,0.0009164810308840163,2005,10,22
25,12,10,0.0009146345773778307,2005,10,22
25,12,1,0.0016495565122223855,2005,10,23
25,12,3,0.0012787267704051938,2005,10,23
25,12,5,0.0011547853218904986,2005,10,23
25,12,10,0.0011408498309918565,2005,10,23
12,12,1,0.0009597173137574478,2005,10,24
100,12,5,0.0008694472640949299,2005,10,24
100,5,5,0.0008558480706973307,2005,10,24
12,12,10,0.0008237373508425218,2005,10,24
100,50,3,0.000991246576588042,2005,10,25
100,50,1,0.0009890701530578094,2005,10,25
50,12,1,0.0009593812109462993,2005,10,25
150,5,1,0.0009501033650772537,2005,10,25
12,12,1,0.0010048906792545693,2005,11,12
12,5,1,0.0011364029283394445,2005,11,17
12,12,1,0.0010048906792545693,2005,11,24
12,12,1,0.00125538050760485,2005,12,12
12,25,1,0.0008999218963342494,2005,12,12
12,50,1,0.0008431529267247844,2005,12,12
25,25,1,0.0008034464090581033,2005,12,12
12,12,1,0.0012443140818409173,2005,12,13
25,50,1,0.0009578810370023461,2005,12,14
12,25,1,0.0008999218963342494,2005,12,15
12,50,1,0.0008431529267247844,2005,12,15
25,12,1,0.0008418611668885196,2005,12,15
12,12,1,0.0012643064588532173,2005,12,16
12,12,3,0.0009049853712569592,2005,12,16
12,12,1,0.0012629093422369378,2005,12,17
12,12,3,0.001065364330539216,2005,12,17
12,12,1,0.001143412690030021,2005,12,18
25,50,1,0.0008657454931026491,2005,12,18
12,12,1,0.0013020422596512415,2005,12,20
12,25,1,0.0010378288272685557,2005,12,22
25,12,1,0.001135182303315583,2005,12,23
12,12,1,0.00125538050760485,2005,12,24
12,25,1,0.0008999218963342494,2005,12,24
12,50,1,0.0008431529267247844,2005,12,24
12,12,3,0.0008226362235061393,2005,12,24
12,12,1,0.0010048906792545693,2005,12,25
25,5,1,0.0012541631167560419,2005,13,17
25,5,3,0.0010105833393230428,2005,13,17
25,25,1,0.0009367878729380636,2005,13,17
25,5,5,0.0009017900623566884,2005,13,17
25,12,1,0.0008225237079742628,2005,13,19
12,12,1,0.0012443140818409173,2005,13,24
25,5,1,0.0008506774237002385,2005,14,17
25,25,1,0.0008429929949816137,2005,14,17
25,50,1,0.0008276447984067561,2005,14,17
25,50,1,0.0009578810370023461,2005,14,24
25,25,1,0.0011681593376599198,2005,15,17
25,12,1,0.0008136213213805315,2005,15,17
12,12,1,0.0008091802746743012,2005,15,17
12,25,1,0.0008999218963342494,2005,15,24
12,50,1,0.0008431529267247844,2005,15,24
25,12,1,0.0008418611668885196,2005,15,24
12,12,5,0.000871251665990128,2005,16,17
12,12,3,0.000869417967061279,2005,16,17
12,12,1,0.0012643064588532173,2005,16,24
12,12,3,0.0009049853712569592,2005,16,24
25,50,1,0.001013143082235024,2005,17,17
12,12,1,0.0009453427894806514,2005,17,17
25,25,1,0.0008118309130564738,2005,17,17
12,5,1,0.0010039148423083295,2005,17,18
25,25,1,0.0009657020326669899,2005,17,18
25,5,1,0.0011556113858809337,2005,17,20
25,25,1,0.0010896711289651877,2005,17,22
12,25,1,0.001031648121613942,2005,17,23
25,5,1,0.0010264956171804661,2005,17,23
25,25,3,0.0009490090889099669,2005,17,23
25,25,1,0.000928675749516246,2005,17,23
12,12,1,0.0012629093422369378,2005,17,24
12,12,3,0.0010653643305392163,2005,17,24
12,5,1,0.0011364029283394443,2005,17,25
25,12,1,0.0008675185612465028,2005,18,23
12,12,1,0.001143412690030021,2005,18,24
25,50,1,0.0008657454931026491,2005,18,24
25,12,1,0.0010763929558411172,2005,19,23
12,12,1,0.0013020422596512415,2005,20,24
12,25,1,0.0010378288272685557,2005,22,24
25,12,1,0.001135182303315583,2005,23,24
12,12,1,0.00125538050760485,2005,24,24
12,25,1,0.0008999218963342494,2005,24,24
12,50,1,0.0008431529267247844,2005,24,24
25,25,1,0.0008034464090581033,2005,24,24
12,12,1,0.0010048906792545693,2005,24,25
150,25,1,0.0009482313221541554,2006,0,0
150,50,1,0.0009482313221541554,2006,0,0
150,5,1,0.0009125453608963438,2006,0,0
100,25,1,0.0009117564070841792,2006,0,0
100,12,1,0.0008566494906691971,2006,0,1
100,25,1,0.000818131729521562,2006,0,1
100,50,1,0.000818131729521562,2006,0,1
150,5,1,0.0009520536237058985,2006,0,2
150,25,1,0.0009482313221541554,2006,0,2
150,50,1,0.0009482313221541554,2006,0,2
100,50,1,0.0008705267940127248,2006,0,2
100,25,1,0.0009117564070841792,2006,0,4
100,50,1,0.0008705267940127248,2006,0,4
100,12,1,0.0008291498073595205,2006,0,4
150,25,1,0.0008287866946504304,2006,0,4
100,12,1,0.0008750850665595471,2006,0,7
50,50,1,0.0008099007166240021,2006,0,7
150,25,1,0.0009482313221541554,2006,0,9
150,50,1,0.0009482313221541554,2006,0,9
100,25,1,0.0009117564070841792,2006,0,9
100,50,1,0.0008705267940127248,2006,0,9
100,50,3,0.0008533724159392955,2006,0,10
100,5,1,0.0008498237477587645,2006,0,10
100,50,5,0.0008472680152094009,2006,0,10
100,25,1,0.0008335497432078853,2006,0,10
150,5,1,0.0011755988168910745,2006,0,11
100,25,1,0.0009117564070841792,2006,0,11
100,50,1,0.0008705267940127248,2006,0,11
150,50,1,0.0008123742133170879,2006,0,11
100,25,1,0.0009117564070841792,2006,0,16
100,50,1,0.0008705267940127248,2006,0,16
100,12,1,0.0008291498073595205,2006,0,16
150,25,1,0.0008287866946504304,2006,0,16
150,5,1,0.0009520536237058985,2006,0,18
150,25,1,0.0009482313221541554,2006,0,18
150,50,1,0.0009482313221541554,2006,0,18
100,50,1,0.0008705267940127248,2006,0,18
100,12,1,0.0008566494906691971,2006,0,19
100,25,1,0.000818131729521562,2006,0,19
100,50,1,0.000818131729521562,2006,0,19
25,25,1,0.0009847034674032988,2006,0,20
100,25,1,0.0009117564070841792,2006,0,20
100,50,1,0.0008705267940127248,2006,0,20
100,5,1,0.0008291498073595205,2006,0,20
150,25,1,0.0009482313221541554,2006,0,21
150,50,1,0.0009482313221541554,2006,0,21
100,25,1,0.0009117564070841792,2006,0,21
100,50,1,0.0008705267940127248,2006,0,21
25,12,1,0.0009490762258203629,2006,0,23
12,50,1,0.0008836304577544904,2006,0,23
25,12,3,0.0008552219923008946,2006,0,23
25,12,5,0.0008473420332015777,2006,0,23
150,5,1,0.0011755988168910745,2006,0,25
100,25,1,0.0009117564070841792,2006,0,25
100,50,1,0.0008705267940127248,2006,0,25
150,50,1,0.0008123742133170879,2006,0,25
12,50,1,0.0012588802348915118,2006,1,7
100,25,1,0.0008666296228658313,2006,1,7
25,12,1,0.0008194879712704274,2006,1,23
25,25,1,0.0008134871658180346,2006,2,2
50,50,1,0.0008130379934045077,2006,2,2
12,5,1,0.0008183596044407637,2006,2,3
50,50,1,0.0008130379934045077,2006,2,4
25,5,1,0.0009518309008712262,2006,2,7
50,50,1,0.0008130379934045077,2006,2,16
12,5,1,0.0008183596044407637,2006,2,17
25,25,1,0.0008134871658180346,2006,2,18
50,50,1,0.0008130379934045077,2006,2,18
50,50,1,0.0008130379934045077,2006,2,20
12,5,1,0.0008183596044407637,2006,3,18
12,12,1,0.0008005364833919152,2006,4,12
50,50,1,0.0008130379934045077,2006,4,18
12,12,1,0.0008005364833919152,2006,4,24
50,50,1,0.0008464702246898563,2006,7,7
50,5,1,0.0008229931715827778,2006,7,9
100,12,1,0.0009034108587842909,2006,7,10
100,50,3,0.0008056939723246342,2006,7,10
25,25,5,0.0008224739704063865,2006,7,13
25,25,3,0.000800216612981391,2006,7,13
25,5,1,0.0009518309008712262,2006,7,18
12,50,1,0.0012588802348915118,2006,7,19
100,25,1,0.0008666296228658313,2006,7,19
50,5,1,0.0008229931715827778,2006,7,21
150,5,1,0.0008389743737424427,2006,7,23
150,25,1,0.0010285577545080713,2006,10,13
25,12,1,0.0009106785412314457,2006,10,23
12,12,1,0.0008005364833919152,2006,12,16
50,50,1,0.0008130379934045077,2006,16,18
12,12,1,0.0008005364833919152,2006,16,24
12,5,1,0.0008183596044407637,2006,17,18
25,25,1,0.0008134871658180346,2006,18,18
50,50,1,0.0008130379934045077,2006,18,18
50,50,1,0.0008130379934045077,2006,18,20
25,12,1,0.0008194879712704274,2006,19,23
150,25,1,0.0008860649736898419,2007,0,0
150,50,1,0.0008860649736898419,2007,0,0
150,5,1,0.0008587757091985742,2007,0,0
100,25,1,0.0008581723915775071,2007,0,0
100,12,1,0.0009245698200052801,2007,0,1
12,50,1,0.0008452744509735745,2007,0,1
100,50,1,0.0008395810420632791,2007,0,1
150,5,1,0.0008889879101705866,2007,0,2
150,25,1,0.0008860649736898419,2007,0,2
150,50,1,0.0008860649736898419,2007,0,2
100,50,1,0.0008266438639346302,2007,0,2
100,25,1,0.0008581723915775071,2007,0,4
100,50,1,0.0008266438639346302,2007,0,4
12,50,1,0.0008012315797529441,2007,0,4
100,12,1,0.0008301296017645527,2007,0,7
150,25,1,0.0008860649736898419,2007,0,9
150,50,1,0.0008860649736898419,2007,0,9
100,25,1,0.0008581723915775071,2007,0,9
100,50,1,0.0008266438639346302,2007,0,9
100,50,1,0.0008530182908696406,2007,0,10
100,50,3,0.0008529421796382063,2007,0,10
100,25,1,0.0008477286823471458,2007,0,10
100,50,5,0.0008200813045045345,2007,0,10
150,5,1,0.001059934234371015,2007,0,11
100,50,3,0.0009582741758829674,2007,0,11
100,50,1,0.0008266438639346302,2007,0,11
100,25,1,0.0008581723915775071,2007,0,16
100,50,1,0.0008266438639346302,2007,0,16
12,50,1,0.0008012315797529441,2007,0,16
150,5,1,0.0008889879101705866,2007,0,18
150,25,1,0.0008860649736898419,2007,0,18
150,50,1,0.0008860649736898419,2007,0,18
100,50,1,0.0008266438639346302,2007,0,18
100,12,1,0.0009245698200052801,2007,0,19
12,50,1,0.0008452744509735745,2007,0,19
100,50,1,0.0008395810420632791,2007,0,19
100,25,1,0.0008581723915775071,2007,0,20
100,50,1,0.0008266438639346302,2007,0,20
150,25,1,0.0008860649736898419,2007,0,21
150,50,1,0.0008860649736898419,2007,0,21
100,25,1,0.0008581723915775071,2007,0,21
100,50,1,0.0008266438639346302,2007,0,21
12,50,1,0.0008163439566888904,2007,0,23
150,5,1,0.001059934234371015,2007,0,25
100,50,3,0.0009582741758829674,2007,0,25
100,50,1,0.0008266438639346302,2007,0,25
12,50,1,0.0012143289031356043,2007,1,7
100,50,3,0.0008358975297942921,2007,1,7
100,25,1,0.0008023566102096679,2007,1,7
100,50,1,0.0009005680092905565,2007,2,7
12,50,1,0.0008707913870772787,2007,4,10
100,12,1,0.0009785303726454148,2007,7,10
100,50,5,0.0008402565241565568,2007,7,10
100,50,3,0.0008137302259678109,2007,7,10
100,50,1,0.0010908166685042898,2007,7,11
100,50,3,0.0009008294505657314,2007,7,11
100,50,1,0.0009005680092905565,2007,7,18
12,50,1,0.0012143289031356043,2007,7,19
100,50,3,0.0008358975297942921,2007,7,19
100,25,1,0.0008023566102096679,2007,7,19
12,25,1,0.0008536823156505484,2007,7,23
100,50,1,0.0010908166685042898,2007,7,25
100,50,3,0.0009008294505657314,2007,7,25
150,25,1,0.0008269518140615074,2007,8,11
150,25,1,0.0008269518140615074,2007,8,25
150,25,1,0.0010130263502615465,2007,10,13
12,50,1,0.0008707913870772787,2007,10,16
25,12,1,0.0008396243995828172,2007,10,23
150,25,1,0.0008269518140615074,2007,11,22
150,25,1,0.0008269518140615074,2007,22,25
150,25,1,0.0009165099957705447,2008,0,0
150,50,1,0.0009165099957705447,2008,0,0
100,25,1,0.0008906145732591573,2008,0,0
50,12,1,0.0008898200006127278,2008,0,0
100,12,1,0.0009224591323105218,2008,0,1
100,50,1,0.000853909789517886,2008,0,1
100,25,1,0.0008138651178223691,2008,0,1
150,25,1,0.0009176024447297125,2008,0,2
150,50,1,0.0009176024447297125,2008,0,2
100,50,1,0.0008651846294304135,2008,0,2
150,12,1,0.0008106721350924038,2008,0,2
100,12,5,0.0008120358403312511,2008,0,3
100,25,1,0.0008906145732591573,2008,0,4
100,50,1,0.0008651846294304135,2008,0,4
150,25,1,0.0008428379444999991,2008,0,4
150,50,1,0.0008316951312345173,2008,0,4
25,5,1,0.0011216169448794789,2008,0,7
150,5,1,0.0011171639172728935,2008,0,7
100,12,1,0.0010784515373895016,2008,0,7
150,25,1,0.0010159268091860176,2008,0,7
150,25,1,0.0009165099957705447,2008,0,9
150,50,1,0.0009165099957705447,2008,0,9
100,25,1,0.0008906145732591573,2008,0,9
100,50,1,0.0008651846294304135,2008,0,9
12,50,1,0.0010410672542989533,2008,0,10
100,25,1,0.0010194961765585013,2008,0,10
50,50,1,0.0009903051958946273,2008,0,10
100,5,1,0.000972216382436799,2008,0,10
100,50,1,0.0008651846294304135,2008,0,11
12,50,1,0.0008641965172077012,2008,0,13
150,12,1,0.000807364899465162,2008,0,13
100,25,1,0.0008906145732591573,2008,0,16
100,50,1,0.0008651846294304135,2008,0,16
150,25,1,0.0008428379444999991,2008,0,16
150,50,1,0.0008316951312345173,2008,0,16
100,12,5,0.0008120358403312511,2008,0,17
150,25,1,0.0009176024447297125,2008,0,18
150,50,1,0.0009176024447297125,2008,0,18
100,50,1,0.0008651846294304135,2008,0,18
150,12,1,0.0008106721350924038,2008,0,18
100,12,1,0.0009224591323105218,2008,0,19
100,50,1,0.000853909789517886,2008,0,19
100,25,1,0.0008138651178223691,2008,0,19
100,25,1,0.0008906145732591573,2008,0,20
100,50,1,0.0008651846294304135,2008,0,20
150,50,1,0.0008369611054023124,2008,0,20
150,25,1,0.0008009671420747317,2008,0,20
150,25,1,0.0009165099957705447,2008,0,21
150,50,1,0.0009165099957705447,2008,0,21
100,25,1,0.0008906145732591573,2008,0,21
100,50,1,0.0008651846294304135,2008,0,21
12,50,1,0.0009759050875719322,2008,0,23
100,50,1,0.0008651846294304135,2008,0,25
12,50,1,0.0009713546736028559,2008,1,3
12,50,1,0.001292512777778521,2008,1,7
50,12,1,0.0008703825163048927,2008,1,7
50,5,1,0.0008544442050194673,2008,1,7
100,25,1,0.0008238857039717254,2008,1,7
100,12,1,0.0009266996913133971,2008,1,10
100,50,1,0.0009098468288511389,2008,1,10
150,5,1,0.0008090651381609796,2008,1,10
12,50,1,0.0009713546736028559,2008,1,17
12,5,1,0.0008264526305717175,2008,2,3
100,50,1,0.0011032872668879751,2008,2,7
100,50,3,0.0009969944579189109,2008,2,7
100,50,5,0.0009697322955352552,2008,2,7
100,50,10,0.0008856351102121389,2008,2,7
150,5,1,0.0009831794904460519,2008,2,10
150,12,1,0.0009128953975835897,2008,2,10
150,25,1,0.0009128516235404653,2008,2,10
12,5,1,0.0008264526305717175,2008,2,17
25,25,1,0.001081868523809066,2008,3,3
150,50,3,0.0009217526541097847,2008,3,3
100,50,5,0.0008282280068372362,2008,3,3
150,25,3,0.0008249111942217667,2008,3,3
150,50,3,0.0009217526541097847,2008,3,6
150,25,3,0.0008249111942217667,2008,3,6
25,25,1,0.0012511292209039931,2008,3,7
150,50,10,0.0009818511473545818,2008,3,7
150,25,10,0.0009461488951064088,2008,3,7
100,50,5,0.0009302556233581679,2008,3,7
25,25,1,0.0008042006155916537,2008,3,8
25,5,1,0.0008679257583686249,2008,3,9
25,25,1,0.0011592142404863912,2008,3,12
150,50,5,0.0008397475229292799,2008,3,12
150,50,3,0.0009217526541097847,2008,3,13
150,25,3,0.0008249111942217667,2008,3,13
150,50,3,0.0009217526541097847,2008,3,14
150,25,3,0.0008249111942217667,2008,3,14
25,25,1,0.001081868523809066,2008,3,17
150,50,5,0.0009217526541097845,2008,3,17
150,50,3,0.0008881361934151833,2008,3,17
100,50,10,0.0008282280068372363,2008,3,17
12,5,1,0.0008264526305717175,2008,3,18
12,50,1,0.0009713546736028559,2008,3,19
150,50,3,0.0009217526541097847,2008,3,20
150,25,3,0.0008249111942217667,2008,3,20
25,5,1,0.0008679257583686249,2008,3,21
25,25,1,0.0008042006155916537,2008,3,22
150,50,3,0.0009217526541097847,2008,3,23
150,25,3,0.0008126523525268742,2008,3,23
25,25,1,0.0011592142404863912,2008,3,24
150,50,5,0.0008397475229292799,2008,3,24
100,50,1,0.0009933189045529841,2008,4,7
150,5,1,0.0009090791360902879,2008,4,7
150,25,1,0.0008753425743328203,2008,4,7
150,12,1,0.0008436332723782521,2008,4,10
12,50,1,0.0011930729680164228,2008,6,7
150,5,1,0.001109359882233374,2008,6,7
150,12,1,0.001053567160070748,2008,6,7
150,50,3,0.0010461352227187006,2008,6,7
150,50,3,0.0009217526541097847,2008,6,17
150,25,3,0.0008249111942217667,2008,6,17
12,50,1,0.0012963022124618151,2008,7,7
12,12,3,0.0011861219252485762,2008,7,7
150,5,1,0.0011334567622091091,2008,7,7
12,5,1,0.0010953585031621535,2008,7,7
12,50,1,0.0009102263945196018,2008,7,8
150,5,1,0.001101458758620372,2008,7,9
150,12,1,0.001029677676898137,2008,7,9
150,25,3,0.0009417871161783434,2008,7,9
100,50,5,0.0009252186701683962,2008,7,9
12,50,1,0.0013362810882098168,2008,7,10
100,12,1,0.001114301781031886,2008,7,10
12,25,1,0.0009708091850340016,2008,7,10
50,5,3,0.0009400113314990917,2008,7,10
100,50,1,0.0011264488074890628,2008,7,11
100,50,5,0.0008218470044595394,2008,7,11
25,25,1,0.0008671348270052948,2008,7,12
150,50,10,0.0008339474984669619,2008,7,12
150,50,5,0.0008195965309550215,2008,7,12
150,5,1,0.0011896388956720708,2008,7,13
100,25,1,0.0010014496297602105,2008,7,13
150,5,3,0.000993462858630931,2008,7,13
150,12,1,0.0009675467311461483,2008,7,13
12,50,1,0.0011930729680164228,2008,7,14
150,5,1,0.001109359882233374,2008,7,14
150,12,1,0.001053567160070748,2008,7,14
150,50,3,0.0010461352227187006,2008,7,14
100,50,1,0.0009933189045529841,2008,7,16
150,5,1,0.0009090791360902879,2008,7,16
150,25,1,0.0008753425743328203,2008,7,16
25,25,1,0.0012511292209039931,2008,7,17
150,50,10,0.0009818511473545818,2008,7,17
150,25,10,0.0009461488951064088,2008,7,17
100,50,5,0.0009302556233581679,2008,7,17
100,50,1,0.0011032872668879751,2008,7,18
100,50,3,0.0009969944579189109,2008,7,18
100,50,5,0.0009697322955352555,2008,7,18
100,50,10,0.000885635110212139,2008,7,18
12,50,1,0.001292512777778521,2008,7,19
50,12,1,0.0008703825163048927,2008,7,19
50,5,1,0.0008544442050194673,2008,7,19
100,25,1,0.0008238857039717254,2008,7,19
150,25,3,0.0010812636058792123,2008,7,20
150,50,3,0.0010461352227187006,2008,7,20
150,50,5,0.0010323155404393335,2008,7,20
150,25,5,0.0010212469010070747,2008,7,20
150,5,1,0.001101458758620372,2008,7,21
150,12,1,0.001029677676898137,2008,7,21
150,25,3,0.0009417871161783434,2008,7,21
100,50,5,0.0009252186701683962,2008,7,21
12,50,1,0.0009102263945196018,2008,7,22
150,5,1,0.001333592275069108,2008,7,23
12,50,1,0.001213903201307153,2008,7,23
25,12,1,0.0011169177613507726,2008,7,23
12,50,5,0.001017353664947548,2008,7,23
25,25,1,0.0008671348270052948,2008,7,24
150,50,10,0.0008339474984669619,2008,7,24
150,50,5,0.0008195965309550215,2008,7,24
100,50,1,0.0011264488074890628,2008,7,25
100,50,5,0.0008218470044595394,2008,7,25
150,25,1,0.0008568622733111414,2008,8,11
25,25,1,0.0008042006155916537,2008,8,17
150,25,1,0.0008568622733111414,2008,8,25
150,5,1,0.0009831794904460519,2008,9,10
150,12,1,0.0009128953975835897,2008,9,10
150,25,1,0.0009128516235404653,2008,9,10
25,5,1,0.0008679257583686249,2008,9,17
50,50,1,0.000989949101769654,2008,10,10
150,5,1,0.0009831794904460519,2008,10,10
100,12,1,0.0009204654955178379,2008,10,10
150,12,1,0.0009128953975835897,2008,10,10
150,5,1,0.0009831794904460519,2008,10,11
150,12,1,0.0009128953975835897,2008,10,11
150,25,1,0.0009128516235404653,2008,10,11
150,25,1,0.0011528202079785106,2008,10,13
150,12,1,0.000874828940297415,2008,10,13
150,5,1,0.0008187867990321239,2008,10,13
150,12,1,0.0008436332723782521,2008,10,16
150,5,1,0.0009831794904460519,2008,10,18
150,12,1,0.0009128953975835897,2008,10,18
150,25,1,0.0009128516235404653,2008,10,18
100,12,1,0.0009266996913133971,2008,10,19
100,50,1,0.0009098468288511389,2008,10,19
150,5,1,0.0008090651381609796,2008,10,19
150,12,1,0.0009128953975835897,2008,10,20
150,25,1,0.0009128516235404653,2008,10,20
150,5,1,0.0009831794904460519,2008,10,21
150,12,1,0.0009128953975835897,2008,10,21
150,25,1,0.0009128516235404653,2008,10,21
150,5,1,0.0009831794904460519,2008,10,25
150,12,1,0.0009128953975835897,2008,10,25
150,25,1,0.0009128516235404653,2008,10,25
150,25,1,0.0008568622733111414,2008,11,22
25,25,1,0.0008875392860763733,2008,12,12
100,50,3,0.0008098269540066797,2008,12,12
100,50,3,0.0008098269540066797,2008,12,13
25,25,1,0.0011592142404863912,2008,12,17
150,50,5,0.0008397475229292799,2008,12,17
100,50,3,0.0008098269540066797,2008,12,20
25,25,1,0.0008875392860763733,2008,12,24
100,50,5,0.0008098269540066798,2008,12,24
150,50,3,0.0009217526541097847,2008,13,17
150,25,3,0.0008249111942217667,2008,13,17
100,50,3,0.0008098269540066797,2008,13,24
150,50,3,0.0009217526541097847,2008,14,17
150,25,3,0.0008249111942217667,2008,14,17
25,25,1,0.001081868523809066,2008,17,17
150,50,3,0.0009217526541097847,2008,17,17
100,50,5,0.0008282280068372362,2008,17,17
150,25,3,0.0008249111942217667,2008,17,17
12,5,1,0.0008264526305717175,2008,17,18
12,50,1,0.0009713546736028559,2008,17,19
150,50,3,0.0009217526541097847,2008,17,20
150,25,3,0.0008249111942217667,2008,17,20
25,5,1,0.0008679257583686249,2008,17,21
25,25,1,0.0008042006155916537,2008,17,22
150,50,3,0.0009217526541097847,2008,17,23
150,25,3,0.0008126523525268742,2008,17,23
25,25,1,0.0011592142404863912,2008,17,24
150,50,5,0.0008397475229292799,2008,17,24
100,50,3,0.0008098269540066797,2008,20,24
150,25,1,0.0008568622733111414,2008,22,25
25,25,1,0.0008875392860763733,2008,24,24
100,50,3,0.0008098269540066797,2008,24,24
100,50,1,0.0008474498059738642,2009,0,1
100,12,1,0.0008232952232246588,2009,0,1
150,25,1,0.001147141329287159,2009,0,2
150,50,1,0.001147141329287159,2009,0,2
150,5,1,0.0008997447177159504,2009,0,2
150,12,1,0.0008502173276544402,2009,0,2
25,25,1,0.0008101097669149736,2009,0,3
25,50,1,0.0008060675378225033,2009,0,3
25,50,1,0.0010384829761323222,2009,0,7
100,12,1,0.0010117861095091277,2009,0,7
150,25,1,0.0009975525056502381,2009,0,7
100,25,1,0.0009819628297185364,2009,0,7
150,25,1,0.0008599732267843638,2009,0,9
100,25,1,0.0008294389595349071,2009,0,9
100,50,1,0.0008080653257647359,2009,0,9
50,50,1,0.0010579631475339075,2009,0,10
100,25,1,0.000899981725517887,2009,0,10
50,50,3,0.000847280206645612,2009,0,10
12,50,1,0.000807375303685275,2009,0,10
150,50,1,0.0010090451918934123,2009,0,11
100,50,3,0.0008519597798612958,2009,0,11
100,50,1,0.0008240009892769677,2009,0,11
25,25,1,0.0008101097669149736,2009,0,17
25,50,1,0.0008060675378225033,2009,0,17
150,25,1,0.001147141329287159,2009,0,18
150,50,1,0.001147141329287159,2009,0,18
150,5,1,0.0008997447177159504,2009,0,18
150,12,1,0.0008502173276544402,2009,0,18
100,50,1,0.0008474498059738642,2009,0,19
100,12,1,0.0008232952232246588,2009,0,19
150,25,1,0.0008599732267843638,2009,0,21
100,25,1,0.0008294389595349071,2009,0,21
100,50,1,0.0008080653257647359,2009,0,21
12,50,1,0.0008385479068092732,2009,0,23
150,50,1,0.0010090451918934123,2009,0,25
100,50,3,0.0008519597798612958,2009,0,25
100,50,1,0.0008240009892769677,2009,0,25
50,25,1,0.000932014779085696,2009,1,2
50,50,1,0.0008884928524093951,2009,1,2
100,5,1,0.0008327582618292384,2009,1,2
100,12,1,0.0008161221145862003,2009,1,2
50,50,1,0.0008636528403509772,2009,1,3
25,50,1,0.0008542868378942809,2009,1,3
100,50,1,0.0008368469908916627,2009,1,3
12,50,1,0.000805502844835783,2009,1,3
12,50,1,0.001160480807708929,2009,1,7
100,50,1,0.0011540075435062997,2009,1,7
100,25,1,0.00111447195756617,2009,1,7
25,50,1,0.0009771098793999308,2009,1,7
100,12,1,0.0008186676915157049,2009,1,10
100,50,1,0.0008045030157038684,2009,1,10
50,50,1,0.0008636528403509772,2009,1,17
25,50,1,0.0008542868378942809,2009,1,17
100,50,1,0.0008368469908916627,2009,1,17
12,50,1,0.000805502844835783,2009,1,17
50,25,1,0.000932014779085696,2009,1,18
50,50,1,0.0008884928524093951,2009,1,18
100,5,1,0.0008327582618292384,2009,1,18
100,12,1,0.0008161221145862003,2009,1,18
150,25,1,0.0008437379717326223,2009,2,2
150,50,1,0.0008437379717326223,2009,2,2
100,50,1,0.0010326603116029365,2009,2,7
100,50,3,0.0010241997053127142,2009,2,7
100,50,5,0.000922757728326161,2009,2,7
150,50,1,0.0009206567368382272,2009,2,7
50,50,1,0.0008572210310137984,2009,2,8
150,50,1,0.0008437379717326223,2009,2,9
50,25,1,0.0010465934039780463,2009,2,10
25,25,1,0.0010325990234068278,2009,2,10
50,50,1,0.0009250472177325868,2009,2,10
25,50,1,0.0008956592934218922,2009,2,10
150,25,1,0.0008437379717326223,2009,2,18
150,50,1,0.0008437379717326223,2009,2,18
50,25,1,0.000932014779085696,2009,2,19
50,50,1,0.0008884928524093951,2009,2,19
100,5,1,0.0008327582618292384,2009,2,19
100,12,1,0.0008161221145862003,2009,2,19
150,50,1,0.0008437379717326223,2009,2,21
50,50,1,0.0008572210310137984,2009,2,22
25,25,1,0.0008897502028814676,2009,3,3
150,50,3,0.0008272022771337297,2009,3,3
150,25,3,0.0008235400477942896,2009,3,3
150,50,3,0.0008272022771337297,2009,3,6
150,25,3,0.0008235400477942896,2009,3,6
25,25,1,0.0009736569826201237,2009,3,7
25,50,3,0.0009120262698112671,2009,3,7
150,25,5,0.0008971816067447144,2009,3,7
100,50,5,0.0008902599107092295,2009,3,7
25,25,1,0.0009485285788906455,2009,3,8
50,50,1,0.0008726398127368107,2009,3,8
50,25,1,0.0008055965911626551,2009,3,8
25,50,1,0.0009250836332535871,2009,3,10
25,25,1,0.0008594774300943608,2009,3,12
150,50,3,0.0008272022771337297,2009,3,13
150,25,3,0.0008235400477942896,2009,3,13
150,50,3,0.0008272022771337297,2009,3,14
150,25,3,0.0008235400477942896,2009,3,14
25,25,1,0.0008897502028814676,2009,3,17
150,50,5,0.0008272022771337299,2009,3,17
150,25,5,0.0008235400477942896,2009,3,17
50,50,1,0.0008636528403509772,2009,3,19
25,50,1,0.0008542868378942809,2009,3,19
100,50,1,0.0008368469908916627,2009,3,19
12,50,1,0.000805502844835783,2009,3,19
150,50,3,0.0008272022771337297,2009,3,20
150,25,3,0.0008235400477942896,2009,3,20
25,25,1,0.0009485285788906455,2009,3,22
50,50,1,0.0008726398127368107,2009,3,22
50,25,1,0.0008055965911626551,2009,3,22
150,50,3,0.0008272022771337297,2009,3,23
150,25,3,0.000813236604161159,2009,3,23
25,25,1,0.0008594774300943608,2009,3,24
100,50,1,0.0009402329150391712,2009,4,7
150,25,1,0.0008793927499760785,2009,4,7
100,50,3,0.0008092599303412336,2009,4,7
12,50,1,0.0010769025626941587,2009,6,7
150,12,1,0.000998572772303342,2009,6,7
150,50,3,0.000992025444029847,2009,6,7
150,25,3,0.0009880139280201083,2009,6,7
150,50,3,0.0008272022771337297,2009,6,17
150,25,3,0.0008235400477942896,2009,6,17
12,50,1,0.001163665792688139,2009,7,7
150,25,3,0.0010632731118810441,2009,7,7
12,25,1,0.001037882515294731,2009,7,7
100,25,1,0.0010178348780945769,2009,7,7
100,50,1,0.0010510934354846764,2009,7,8
100,25,1,0.0009601045998883453,2009,7,8
50,50,1,0.000907966889513604,2009,7,8
12,50,1,0.0008391726205526589,2009,7,8
150,12,1,0.000978493881538632,2009,7,9
150,25,3,0.000950793438519186,2009,7,9
150,50,3,0.0009200823105372095,2009,7,9
100,50,3,0.0008929986506640451,2009,7,9
12,50,1,0.0011972676698505699,2009,7,10
100,25,1,0.0011495985517392501,2009,7,10
50,50,1,0.0011352388205780064,2009,7,10
100,12,1,0.0011302281819839503,2009,7,10
100,50,1,0.001052127373335139,2009,7,11
100,50,3,0.0009284110274485606,2009,7,11
100,50,5,0.0008994647799037038,2009,7,11
150,50,1,0.0008782395664293955,2009,7,11
100,25,1,0.0010178348780945769,2009,7,13
150,5,1,0.0009560136159494027,2009,7,13
150,12,1,0.0009262733933912549,2009,7,13
150,5,3,0.0009129403138780729,2009,7,13
12,50,1,0.0010769025626941587,2009,7,14
150,12,1,0.000998572772303342,2009,7,14
150,50,3,0.000992025444029847,2009,7,14
150,25,3,0.0009880139280201083,2009,7,14
100,50,1,0.0009402329150391712,2009,7,16
150,25,1,0.0008793927499760785,2009,7,16
100,50,3,0.0008092599303412336,2009,7,16
25,25,1,0.0009736569826201237,2009,7,17
25,50,3,0.0009120262698112671,2009,7,17
150,25,5,0.0008971816067447143,2009,7,17
100,50,5,0.0008902599107092295,2009,7,17
100,50,1,0.0010326603116029365,2009,7,18
100,50,3,0.001024199705312714,2009,7,18
100,50,5,0.0009227577283261612,2009,7,18
150,50,1,0.0009206567368382272,2009,7,18
12,50,1,0.001160480807708929,2009,7,19
100,50,1,0.0011540075435062997,2009,7,19
100,25,1,0.00111447195756617,2009,7,19
25,50,1,0.0009771098793999308,2009,7,19
150,25,3,0.0010632731118810441,2009,7,20
100,25,1,0.0009923167800224026,2009,7,20
150,50,3,0.000992025444029847,2009,7,20
100,50,3,0.000894228394659043,2009,7,20
150,12,1,0.000978493881538632,2009,7,21
150,25,3,0.000950793438519186,2009,7,21
150,50,3,0.0009200823105372095,2009,7,21
100,50,3,0.0008929986506640451,2009,7,21
100,50,1,0.0010510934354846764,2009,7,22
100,25,1,0.0009601045998883453,2009,7,22
50,50,1,0.000907966889513604,2009,7,22
12,50,1,0.0008391726205526589,2009,7,22
12,50,1,0.0010944101820857541,2009,7,23
150,5,1,0.0010770051066082622,2009,7,23
12,50,3,0.000949653015817238,2009,7,23
150,12,1,0.0009311748718197777,2009,7,23
100,50,1,0.001052127373335139,2009,7,25
100,50,3,0.0009284110274485606,2009,7,25
100,50,5,0.0008994647799037038,2009,7,25
150,50,1,0.0008782395664293955,2009,7,25
25,25,1,0.0009485285788906455,2009,8,17
50,50,1,0.0008726398127368107,2009,8,17
50,25,1,0.0008055965911626551,2009,8,17
50,50,1,0.0008572210310137984,2009,8,18
150,5,1,0.0008811907746285143,2009,9,10
50,50,1,0.0008437674465534424,2009,9,10
150,12,1,0.0008070653096691794,2009,9,10
150,50,1,0.0008437379717326223,2009,9,18
50,50,1,0.0008718282389543994,2009,10,10
150,5,1,0.0008661384429339483,2009,10,10
100,12,1,0.0008134279073194374,2009,10,10
150,12,1,0.0008070653096691794,2009,10,10
150,5,1,0.0009116147590839653,2009,10,11
150,12,1,0.0008070653096691794,2009,10,11
150,25,1,0.0010087199049090825,2009,10,13
25,50,1,0.0009250836332535871,2009,10,17
50,25,1,0.0010465934039780463,2009,10,18
25,25,1,0.0010325990234068278,2009,10,18
50,50,1,0.0009250472177325868,2009,10,18
25,50,1,0.0008956592934218922,2009,10,18
100,12,1,0.0008186676915157049,2009,10,19
100,50,1,0.0008045030157038684,2009,10,19
150,12,1,0.0008070653096691794,2009,10,20
150,25,1,0.000807028517988762,2009,10,20
150,5,1,0.0008811907746285143,2009,10,21
50,50,1,0.0008437674465534424,2009,10,21
150,12,1,0.0008070653096691794,2009,10,21
150,5,1,0.0009116147590839653,2009,10,25
150,12,1,0.0008070653096691794,2009,10,25
25,25,1,0.0008594774300943608,2009,12,17
150,50,3,0.0008272022771337297,2009,13,17
150,25,3,0.0008235400477942896,2009,13,17
150,50,3,0.0008272022771337297,2009,14,17
150,25,3,0.0008235400477942896,2009,14,17
25,25,1,0.0008897502028814676,2009,17,17
150,50,3,0.0008272022771337297,2009,17,17
150,25,3,0.0008235400477942896,2009,17,17
50,50,1,0.0008636528403509772,2009,17,19
25,50,1,0.0008542868378942809,2009,17,19
100,50,1,0.0008368469908916627,2009,17,19
12,50,1,0.000805502844835783,2009,17,19
150,50,3,0.0008272022771337297,2009,17,20
150,25,3,0.0008235400477942896,2009,17,20
25,25,1,0.0009485285788906455,2009,17,22
50,50,1,0.0008726398127368107,2009,17,22
50,25,1,0.0008055965911626551,2009,17,22
150,50,3,0.0008272022771337297,2009,17,23
150,25,3,0.000813236604161159,2009,17,23
25,25,1,0.0008594774300943608,2009,17,24
150,25,1,0.0008437379717326223,2009,18,18
150,50,1,0.0008437379717326223,2009,18,18
50,25,1,0.000932014779085696,2009,18,19
50,50,1,0.0008884928524093951,2009,18,19
100,5,1,0.0008327582618292384,2009,18,19
100,12,1,0.0008161221145862003,2009,18,19
150,50,1,0.0008437379717326223,2009,18,21
50,50,1,0.0008572210310137984,2009,18,22
50,25,1,0.0008338690413602783,2010,0,0
25,50,1,0.000833430392617959,2010,0,0
100,50,1,0.0008198559610198412,2010,0,1
100,12,1,0.0008091798977512227,2010,0,1
150,25,1,0.0009582253954349887,2010,0,2
150,50,1,0.0009582253954349887,2010,0,2
100,12,1,0.0010336790205225526,2010,0,7
25,50,1,0.0009959442972977117,2010,0,7
100,25,1,0.0009873681935746665,2010,0,7
150,25,1,0.000985638366273512,2010,0,7
150,25,1,0.0008209974184884063,2010,0,9
50,50,1,0.0009977985682384106,2010,0,10
100,25,1,0.0008583402322479586,2010,0,10
50,25,1,0.0008496011427872889,2010,0,10
25,50,1,0.0008263802775491706,2010,0,10
150,25,1,0.0009582253954349887,2010,0,18
150,50,1,0.0009582253954349887,2010,0,18
100,50,1,0.0008198559610198412,2010,0,19
100,12,1,0.0008091798977512227,2010,0,19
150,25,1,0.0008209974184884063,2010,0,21
12,50,1,0.0008597746526764274,2010,0,23
50,50,1,0.0008408305661128627,2010,1,3
100,50,1,0.0008177122938278451,2010,1,3
100,50,1,0.0011205704888689514,2010,1,7
100,25,1,0.0011016485525120437,2010,1,7
12,50,1,0.0010636581153513713,2010,1,7
50,50,3,0.0009790298842110628,2010,1,7
100,12,1,0.0008059028165871136,2010,1,10
50,50,1,0.0008408305661128627,2010,1,17
100,50,1,0.0008177122938278451,2010,1,17
100,50,1,0.001015916526962876,2010,2,7
100,50,3,0.0009936419266994069,2010,2,7
100,50,5,0.0009175482885269856,2010,2,7
150,50,1,0.0009044168285149203,2010,2,7
25,25,1,0.0008639759699134859,2010,2,10
25,50,1,0.0008168097812531011,2010,2,10
25,25,1,0.0009674144731224502,2010,3,3
150,50,3,0.0008281772749106955,2010,3,3
150,25,3,0.0008250188443163635,2010,3,3
150,50,3,0.0008281772749106955,2010,3,6
150,25,3,0.0008250188443163635,2010,3,6
25,25,1,0.0010472844018291959,2010,3,7
25,50,3,0.0009250040607715798,2010,3,7
100,50,5,0.0009148280152919433,2010,3,7
150,25,5,0.0009099883517674813,2010,3,7
25,25,1,0.0009317723643761888,2010,3,8
50,50,1,0.0008485812354191634,2010,3,8
50,25,1,0.0008109940587541274,2010,3,8
25,25,1,0.0008148955002822037,2010,3,12
150,50,3,0.0008281772749106955,2010,3,13
150,25,3,0.0008250188443163635,2010,3,13
150,50,3,0.0008281772749106955,2010,3,14
150,25,3,0.0008250188443163635,2010,3,14
25,25,1,0.0009674144731224502,2010,3,17
150,50,5,0.0008281772749106955,2010,3,17
150,25,5,0.0008250188443163635,2010,3,17
50,50,1,0.0008408305661128627,2010,3,19
100,50,1,0.0008177122938278451,2010,3,19
150,50,3,0.0008281772749106955,2010,3,20
150,25,3,0.0008250188443163635,2010,3,20
25,25,1,0.0009317723643761888,2010,3,22
50,50,1,0.0008485812354191634,2010,3,22
50,25,1,0.0008109940587541274,2010,3,22
150,50,3,0.0008281772749106955,2010,3,23
150,25,3,0.0008161328056274731,2010,3,23
25,25,1,0.0008148955002822037,2010,3,24
100,50,1,0.0009362040103496816,2010,4,7
150,25,1,0.0008837333918032049,2010,4,7
100,50,3,0.0008593422872576062,2010,4,7
25,50,3,0.0008655247324162116,2010,5,7
12,50,1,0.0010195676845906776,2010,6,7
150,50,3,0.0010169654551477857,2010,6,7
150,25,3,0.0010135057879012916,2010,6,7
12,50,3,0.0009886024259040328,2010,6,7
150,50,3,0.0008281772749106955,2010,6,17
150,25,3,0.0008250188443163635,2010,6,17
12,50,1,0.0011497611794546313,2010,7,7
12,25,1,0.001088332996030151,2010,7,7
150,25,3,0.0010784118565220985,2010,7,7
25,50,3,0.0010371400171465396,2010,7,7
100,50,1,0.0010318138771889267,2010,7,8
100,25,1,0.0009685169159962482,2010,7,8
50,50,1,0.00089347267447305,2010,7,8
25,50,3,0.000819637482986158,2010,7,8
150,25,3,0.0009707663413142382,2010,7,9
150,50,3,0.0009441716846491469,2010,7,9
100,50,3,0.00088947325654517,2010,7,9
150,25,1,0.0008837333918032049,2010,7,9
100,12,1,0.0011358274745616854,2010,7,10
100,25,1,0.0011319429167988802,2010,7,10
50,50,1,0.0010894796838037248,2010,7,10
12,50,1,0.0010398419736588058,2010,7,10
100,50,1,0.001032705580202818,2010,7,11
100,50,3,0.0008775010377945641,2010,7,11
100,50,5,0.0008740414435751756,2010,7,11
150,50,1,0.0008678348244057163,2010,7,11
100,25,1,0.0010183054628090298,2010,7,13
150,5,1,0.0009498138211876063,2010,7,13
150,5,3,0.0009487597608899066,2010,7,13
150,12,1,0.0009201815732126043,2010,7,13
12,50,1,0.0010195676845906776,2010,7,14
150,50,3,0.0010169654551477857,2010,7,14
150,25,3,0.0010135057879012916,2010,7,14
12,50,3,0.0009886024259040328,2010,7,14
25,50,3,0.0008655247324162116,2010,7,15
100,50,1,0.0009362040103496816,2010,7,16
150,25,1,0.0008837333918032049,2010,7,16
100,50,3,0.0008593422872576062,2010,7,16
25,25,1,0.0010472844018291959,2010,7,17
25,50,3,0.0009250040607715798,2010,7,17
100,50,5,0.000914828015291943,2010,7,17
150,25,5,0.0009099883517674813,2010,7,17
100,50,1,0.001015916526962876,2010,7,18
100,50,3,0.0009936419266994069,2010,7,18
100,50,5,0.0009175482885269856,2010,7,18
150,50,1,0.0009044168285149203,2010,7,18
100,50,1,0.0011205704888689514,2010,7,19
100,25,1,0.0011016485525120437,2010,7,19
12,50,1,0.0010636581153513713,2010,7,19
50,50,3,0.0009790298842110626,2010,7,19
150,25,3,0.0010784118565220985,2010,7,20
150,50,3,0.0010169654551477857,2010,7,20
100,25,1,0.0009962977909266783,2010,7,20
100,50,3,0.0009326219681242883,2010,7,20
150,25,3,0.0009707663413142382,2010,7,21
150,50,3,0.0009441716846491469,2010,7,21
100,50,3,0.00088947325654517,2010,7,21
150,25,1,0.0008837333918032049,2010,7,21
100,50,1,0.0010318138771889267,2010,7,22
100,25,1,0.0009685169159962482,2010,7,22
50,50,1,0.00089347267447305,2010,7,22
25,50,3,0.000819637482986158,2010,7,22
150,5,1,0.001054160979798157,2010,7,23
12,50,1,0.0010384671906408323,2010,7,23
12,50,3,0.0009725136615054692,2010,7,23
150,12,1,0.0009244087741853516,2010,7,23
100,50,1,0.001032705580202818,2010,7,25
100,50,3,0.0008775010377945641,2010,7,25
100,50,5,0.0008740414435751756,2010,7,25
150,50,1,0.0008678348244057163,2010,7,25
25,25,1,0.0009317723643761888,2010,8,17
50,50,1,0.0008485812354191634,2010,8,17
50,25,1,0.0008109940587541274,2010,8,17
150,5,1,0.0008400075742388531,2010,9,10
50,50,1,0.0008070210048500983,2010,9,10
150,5,1,0.0008468432000853871,2010,10,10
100,12,1,0.0008013838492644067,2010,10,10
150,5,1,0.000805555894083289,2010,10,11
150,25,1,0.0009698102810480689,2010,10,13
25,25,1,0.0008639759699134859,2010,10,18
25,50,1,0.0008168097812531011,2010,10,18
100,12,1,0.0008059028165871136,2010,10,19
150,5,1,0.0008400075742388531,2010,10,21
50,50,1,0.0008070210048500983,2010,10,21
150,5,1,0.000805555894083289,2010,10,25
25,25,1,0.0008148955002822037,2010,12,17
150,50,3,0.0008281772749106955,2010,13,17
150,25,3,0.0008250188443163635,2010,13,17
150,50,3,0.0008281772749106955,2010,14,17
150,25,3,0.0008250188443163635,2010,14,17
25,25,1,0.0009674144731224502,2010,17,17
150,50,3,0.0008281772749106955,2010,17,17
150,25,3,0.0008250188443163635,2010,17,17
50,50,1,0.0008408305661128627,2010,17,19
100,50,1,0.0008177122938278451,2010,17,19
150,50,3,0.0008281772749106955,2010,17,20
150,25,3,0.0008250188443163635,2010,17,20
25,25,1,0.0009317723643761888,2010,17,22
50,50,1,0.0008485812354191634,2010,17,22
50,25,1,0.0008109940587541274,2010,17,22
150,50,3,0.0008281772749106955,2010,17,23
150,25,3,0.0008161328056274731,2010,17,23
25,25,1,0.0008148955002822037,2010,17,24
150,25,1,0.0008708464946061233,2011,0,2
150,50,1,0.0008708464946061233,2011,0,2
150,25,1,0.0008943793387589817,2011,0,7
25,50,1,0.000879902319232449,2011,0,7
25,5,1,0.0008691293304478475,2011,0,7
150,25,3,0.0008684414671764306,2011,0,7
50,50,1,0.0009215200785415882,2011,0,10
150,25,1,0.0008708464946061233,2011,0,18
150,50,1,0.0008708464946061233,2011,0,18
12,50,1,0.0008580148520849317,2011,0,23
50,50,1,0.0009269012073125452,2011,1,2
100,50,1,0.0008045292247261912,2011,1,3
100,50,1,0.0010129940883893916,2011,1,7
100,25,1,0.0009741090393543084,2011,1,7
25,50,1,0.0008586855194891818,2011,1,7
50,50,3,0.000838439188566419,2011,1,7
100,50,1,0.0008045292247261912,2011,1,17
50,50,1,0.0009269012073125452,2011,1,18
100,50,1,0.0008678756584620664,2011,2,7
100,50,3,0.0008671187495881652,2011,2,7
12,25,1,0.0008620115596034923,2011,2,7
150,50,1,0.0008229799404502665,2011,2,7
50,50,1,0.0009031928031847207,2011,2,8
50,50,1,0.0009546145168366392,2011,2,10
50,50,1,0.0009269012073125452,2011,2,19
50,50,1,0.0009031928031847207,2011,2,22
25,25,1,0.0008260901741018407,2011,3,3
25,25,1,0.001025739588193265,2011,3,7
100,50,3,0.000837160837774806,2011,3,7
12,50,3,0.0008332428569459995,2011,3,7
100,50,5,0.0008266392826264895,2011,3,7
50,25,1,0.000837524155440144,2011,3,8
50,50,1,0.0008316651780320476,2011,3,8
25,25,1,0.0008260901741018407,2011,3,17
100,50,1,0.0008045292247261912,2011,3,19
50,25,1,0.000837524155440144,2011,3,22
50,50,1,0.0008316651780320476,2011,3,22
100,50,1,0.0008509230909933824,2011,4,7
150,25,1,0.0008047977565502004,2011,4,7
12,50,1,0.0009706168227391158,2011,6,7
12,50,3,0.0009535502319216397,2011,6,7
150,50,3,0.0009021507034072885,2011,6,7
150,12,1,0.0008405841887957,2011,6,7
12,50,1,0.0011024288588484246,2011,7,7
12,25,1,0.0010964435876053445,2011,7,7
25,5,1,0.001025949292180212,2011,7,7
12,50,3,0.0009971596960800973,2011,7,7
100,50,1,0.0009349708344009047,2011,7,8
100,25,1,0.0008570770426032136,2011,7,8
50,50,1,0.0008133592655018314,2011,7,8
150,50,3,0.0008500698161538412,2011,7,9
150,50,5,0.0008331038606880309,2011,7,9
12,50,1,0.0010531984942105045,2011,7,10
100,25,1,0.0010007398991227366,2011,7,10
25,50,1,0.0009297044819165285,2011,7,10
50,50,1,0.0008986183016374787,2011,7,10
100,25,1,0.0009008446488711939,2011,7,13
150,5,3,0.0008421931396178041,2011,7,13
150,5,1,0.0008406357173993377,2011,7,13
150,25,3,0.0008167080194099492,2011,7,13
12,50,1,0.0009706168227391158,2011,7,14
12,50,3,0.0009535502319216397,2011,7,14
150,50,3,0.0009021507034072885,2011,7,14
150,12,1,0.0008405841887957,2011,7,14
100,50,1,0.0008509230909933824,2011,7,16
150,25,1,0.0008047977565502004,2011,7,16
25,25,1,0.001025739588193265,2011,7,17
100,50,3,0.000837160837774806,2011,7,17
12,50,3,0.0008332428569459995,2011,7,17
100,50,5,0.0008266392826264895,2011,7,17
100,50,1,0.0008678756584620664,2011,7,18
100,50,3,0.0008671187495881652,2011,7,18
12,25,1,0.0008620115596034923,2011,7,18
150,50,1,0.0008229799404502665,2011,7,18
100,50,1,0.0010129940883893916,2011,7,19
100,25,1,0.0009741090393543084,2011,7,19
25,50,1,0.0008586855194891818,2011,7,19
50,50,3,0.0008384391885664188,2011,7,19
150,25,3,0.000956166377173545,2011,7,20
150,50,3,0.0009021507034072885,2011,7,20
100,25,1,0.0008814983698676382,2011,7,20
100,50,3,0.0008280068938843069,2011,7,20
150,50,3,0.0008500698161538412,2011,7,21
150,50,5,0.0008331038606880309,2011,7,21
100,50,1,0.0009349708344009047,2011,7,22
100,25,1,0.0008570770426032136,2011,7,22
50,50,1,0.0008133592655018314,2011,7,22
12,50,1,0.0010129668904694735,2011,7,23
12,50,3,0.000962408887867073,2011,7,23
150,5,1,0.0009323641498523334,2011,7,23
12,50,5,0.0008736000025635624,2011,7,23
50,25,1,0.000837524155440144,2011,8,17
50,50,1,0.0008316651780320476,2011,8,17
50,50,1,0.0009031928031847207,2011,8,18
150,5,1,0.0008068877523154085,2011,9,10
50,50,1,0.0009546145168366392,2011,10,18
150,5,1,0.0008068877523154085,2011,10,21
25,25,1,0.0008260901741018407,2011,17,17
100,50,1,0.0008045292247261912,2011,17,19
50,25,1,0.000837524155440144,2011,17,22
50,50,1,0.0008316651780320476,2011,17,22
50,50,1,0.0009269012073125452,2011,18,19
50,50,1,0.0009031928031847207,2011,18,22
150,25,1,0.0008404871642256005,2012,0,7
150,25,3,0.0008204900783093001,2012,0,7
12,50,1,0.0009375828816135344,2012,0,23
100,50,1,0.0008294957231225652,2012,1,7
50,50,1,0.0008220936203352675,2012,2,8
50,50,1,0.0008220936203352675,2012,2,22
25,25,1,0.0009733774347325655,2012,3,7
12,50,1,0.0008968241641915307,2012,6,7
12,50,3,0.0008523862376779817,2012,6,7
150,50,3,0.0008469643979817971,2012,6,7
12,25,1,0.000999145227899347,2012,7,7
12,50,1,0.0008981172237652918,2012,7,7
150,25,3,0.0008952528381470576,2012,7,7
25,12,1,0.0008723588053941811,2012,7,7
150,50,3,0.0008004056006450357,2012,7,9
12,50,1,0.0008923280457009948,2012,7,10
100,25,1,0.0008022951349227984,2012,7,13
12,50,1,0.0008968241641915307,2012,7,14
12,50,3,0.0008523862376779816,2012,7,14
150,50,3,0.0008469643979817971,2012,7,14
25,25,1,0.0009733774347325655,2012,7,17
100,50,1,0.0008294957231225652,2012,7,19
150,25,3,0.0008952528381470576,2012,7,20
150,50,3,0.0008469643979817971,2012,7,20
150,50,3,0.0008004056006450357,2012,7,21
12,50,1,0.0009945119651206592,2012,7,23
12,50,3,0.0009129784312412116,2012,7,23
150,5,1,0.0008744444797560394,2012,7,23
50,50,1,0.0008220936203352675,2012,8,18
50,50,1,0.0008220936203352675,2012,18,22
12,50,1,0.0008516239073589853,2013,0,23
100,50,1,0.0008679751685269742,2013,1,7
25,50,1,0.000824765758022211,2013,1,7
100,25,1,0.0008018999790204887,2013,1,7
50,50,1,0.0009381294417431437,2013,2,8
50,50,1,0.0009381294417431437,2013,2,22
100,50,1,0.0008058119813806881,2013,7,8
100,50,1,0.0008679751685269742,2013,7,19
25,50,1,0.000824765758022211,2013,7,19
100,25,1,0.0008018999790204887,2013,7,19
100,50,1,0.0008058119813806881,2013,7,22
12,50,1,0.0009029027260236426,2013,7,23
50,50,1,0.0009381294417431437,2013,8,18
50,50,1,0.0009381294417431437,2013,18,22
12,50,1,0.0008563830250019129,2014,0,23
50,50,1,0.0009226282730414043,2014,2,8
50,50,1,0.0009226282730414043,2014,2,22
50,25,1,0.0008019319767371443,2014,3,8
50,25,1,0.0008019319767371443,2014,3,22
150,25,3,0.0008079511427010684,2014,7,20
12,50,1,0.0009031115048089558,2014,7,23
50,25,1,0.0008019319767371443,2014,8,17
50,50,1,0.0009226282730414043,2014,8,18
50,25,1,0.0008019319767371443,2014,17,22
50,50,1,0.0009226282730414043,2014,18,22
100,5,1,0.0008373228747905804,2015,0,20
100,25,1,0.0008143320744637293,2015,0,20
150,50,1,0.0008266911931810532,2015,3,11
150,25,3,0.0008794034668854767,2015,3,20
150,50,3,0.0008276671997015926,2015,3,20
150,50,1,0.0008266911931810532,2015,3,25
150,25,1,0.0010138060342673803,2015,4,7
150,50,1,0.0009391393723763584,2015,4,7
150,5,1,0.0008537332181550584,2015,4,7
150,25,3,0.000831594391516194,2015,4,7
150,50,1,0.0009535852400634518,2015,7,11
150,50,3,0.0008881925734088846,2015,7,11
150,5,3,0.0008687851649006984,2015,7,13
150,25,3,0.0008334802657728578,2015,7,13
150,25,1,0.0010138060342673803,2015,7,16
150,50,1,0.0009391393723763584,2015,7,16
150,5,1,0.0008537332181550584,2015,7,16
150,25,3,0.000831594391516194,2015,7,16
150,25,3,0.0010521616508187216,2015,7,20
12,25,3,0.0009680771285252826,2015,7,20
150,50,3,0.0009620670322117203,2015,7,20
12,25,1,0.0009474487471374153,2015,7,20
12,50,1,0.0008288138879983894,2015,7,23
150,50,1,0.0009535852400634518,2015,7,25
150,50,3,0.0008881925734088846,2015,7,25
150,5,1,0.0009022994046777653,2015,10,11
150,5,1,0.0009022994046777653,2015,10,25
150,50,1,0.0008266911931810532,2015,11,17
150,25,3,0.0008794034668854767,2015,17,20
150,50,3,0.0008276671997015926,2015,17,20
150,50,1,0.0008266911931810532,2015,17,25
100,5,1,0.0008257931957128148,2016,0,20
100,25,1,0.0008148261445178867,2016,0,20
150,25,3,0.000801007377612051,2016,3,20
150,25,1,0.0009478614944804672,2016,4,7
150,50,1,0.0008784193220512077,2016,4,7
150,25,1,0.0009478614944804672,2016,7,16
150,50,1,0.0008784193220512077,2016,7,16
150,25,3,0.0009616775253517159,2016,7,20
150,5,3,0.0008889744908493729,2016,7,20
150,25,1,0.0008883889961692112,2016,7,20
150,50,3,0.0008657266393619778,2016,7,20
150,25,3,0.000801007377612051,2016,17,20
150,25,1,0.0009013368063978975,2017,4,7
150,50,1,0.0008367875783674477,2017,4,7
150,25,1,0.0009013368063978975,2017,7,16
150,50,1,0.0008367875783674477,2017,7,16
150,25,3,0.0008732138100907515,2017,7,20
150,5,3,0.0008037633643645735,2017,7,20
150,25,1,0.0009125422486936384,2018,4,7
150,50,1,0.0008522418306094967,2018,4,7
150,25,1,0.0009125422486936384,2018,7,16
150,50,1,0.0008522418306094967,2018,7,16
150,25,3,0.0009136046062420243,2018,7,20
150,5,3,0.0008493389337874435,2018,7,20
150,50,3,0.0008306611831385449,2018,7,20
150,25,1,0.0008141579575106187,2018,7,20
150,25,1,0.0008670616295186153,2019,4,7
150,50,1,0.0008099545696514764,2019,4,7
150,25,1,0.0008670616295186153,2019,7,16
150,50,1,0.0008099545696514764,2019,7,16
150,25,3,0.0008949134709436597,2019,7,20
150,5,3,0.0008311570322316456,2019,7,20
150,50,3,0.000814521806676696,2019,7,20
150,25,3,0.0008046811834008231,2020,3,20
150,25,1,0.000889979458305849,2020,4,7
150,50,1,0.000836133831868972,2020,4,7
150,25,1,0.000889979458305849,2020,7,16
150,50,1,0.000836133831868972,2020,7,16
150,25,3,0.0009281075230978111,2020,7,20
150,5,3,0.0008712420481437926,2020,7,20
150,50,3,0.0008548734182314602,2020,7,20
150,25,5,0.0008276990210994411,2020,7,20
150,25,3,0.0008046811834008231,2020,17,20
150,25,3,0.0008119652601580507,2021,3,20
150,25,1,0.0009162798288952438,2021,4,7
150,50,1,0.0008653971363998668,2021,4,7
150,5,1,0.0008197311131581604,2021,4,7
150,25,1,0.0009162798288952438,2021,7,16
150,50,1,0.0008653971363998668,2021,7,16
150,5,1,0.0008197311131581604,2021,7,16
150,25,3,0.0009285998859246222,2021,7,20
150,5,3,0.0008728259707203337,2021,7,20
150,50,3,0.0008591286993400114,2021,7,20
150,25,5,0.0008318078242245859,2021,7,20
150,5,1,0.0008103640140281564,2021,10,11
150,12,1,0.0008022644249034588,2021,10,11
150,5,1,0.0008103640140281564,2021,10,25
150,12,1,0.0008022644249034588,2021,10,25
150,25,3,0.0008119652601580507,2021,17,20
150,25,1,0.0008710793668297977,2022,4,7
150,50,1,0.0008228505359289642,2022,4,7
150,25,1,0.0008710793668297977,2022,7,16
150,50,1,0.0008228505359289642,2022,7,16
150,25,3,0.0009051226787244282,2022,7,20
150,5,3,0.0008472909368797792,2022,7,20
150,50,3,0.0008419933216877624,2022,7,20
150,25,5,0.0008062291803793542,2022,7,20
150,25,1,0.0008398722036305415,2023,4,7
150,25,1,0.0008398722036305415,2023,7,16
150,25,3,0.0008902208890752046,2023,7,20
150,5,3,0.000837857571981643,2023,7,20
150,50,3,0.0008304697562718938,2023,7,20
150,25,1,0.0008085944015380887,2024,4,7
150,25,1,0.0008085944015380887,2024,7,16
150,25,3,0.0008868657736401882,2024,7,20
150,5,3,0.0008370208374957724,2024,7,20
150,50,3,0.0008303011083722168,2024,7,20
150,25,1,0.0008102500899481708,2025,4,7
150,25,1,0.0008102500899481708,2025,7,16
150,25,3,0.0008772467779303208,2025,7,20
150,5,3,0.000827612251440436,2025,7,20
150,50,3,0.0008208866864969533,2025,7,20
